{"assets/images/Delete Bin.png":["assets/images/Delete Bin.png"],"assets/images/DemoSchool_logo.png":["assets/images/DemoSchool_logo.png"],"assets/images/Ellipse 134.png":["assets/images/Ellipse 134.png"],"assets/images/Group 34.png":["assets/images/Group 34.png"],"assets/images/Group.png":["assets/images/Group.png"],"assets/images/Math.png":["assets/images/Math.png"],"assets/images/Rectangle 531.png":["assets/images/Rectangle 531.png"],"assets/images/Rectangle 532.png":["assets/images/Rectangle 532.png"],"assets/images/account.png":["assets/images/account.png"],"assets/images/arrowforword.png":["assets/images/arrowforword.png"],"assets/images/assignment_desicon.png":["assets/images/assignment_desicon.png"],"assets/images/assignmentcard.png":["assets/images/assignmentcard.png"],"assets/images/assignmentcard1.png":["assets/images/assignmentcard1.png"],"assets/images/assignmenticon.png":["assets/images/assignmenticon.png"],"assets/images/attachment_icon.png":["assets/images/attachment_icon.png"],"assets/images/attendance_card1.png":["assets/images/attendance_card1.png"],"assets/images/attendance_card2.png":["assets/images/attendance_card2.png"],"assets/images/attendance_card3.png":["assets/images/attendance_card3.png"],"assets/images/attendanceicon.png":["assets/images/attendanceicon.png"],"assets/images/auddio.png":["assets/images/auddio.png"],"assets/images/award.png":["assets/images/award.png"],"assets/images/bookmark-alt.png":["assets/images/bookmark-alt.png"],"assets/images/bookmark-alt1.png":["assets/images/bookmark-alt1.png"],"assets/images/calendar.png":["assets/images/calendar.png"],"assets/images/check-circle.png":["assets/images/check-circle.png"],"assets/images/check.png":["assets/images/check.png"],"assets/images/checkboxicon.png":["assets/images/checkboxicon.png"],"assets/images/class_sectionicon.png":["assets/images/class_sectionicon.png"],"assets/images/class_testcard1.png":["assets/images/class_testcard1.png"],"assets/images/class_testcard2.png":["assets/images/class_testcard2.png"],"assets/images/classboomark.png":["assets/images/classboomark.png"],"assets/images/classincharge1.png":["assets/images/classincharge1.png"],"assets/images/classincharge2.png":["assets/images/classincharge2.png"],"assets/images/classinchargeicon.png":["assets/images/classinchargeicon.png"],"assets/images/classtesticon.png":["assets/images/classtesticon.png"],"assets/images/clock.png":["assets/images/clock.png"],"assets/images/clock1.png":["assets/images/clock1.png"],"assets/images/communicationicon.png":["assets/images/communicationicon.png"],"assets/images/concernsicon.png":["assets/images/concernsicon.png"],"assets/images/couplelogoutimage.png":["assets/images/couplelogoutimage.png"],"assets/images/dashboardicon.png":["assets/images/dashboardicon.png"],"assets/images/drawerbackgroundimage.png":["assets/images/drawerbackgroundimage.png"],"assets/images/drawerimage.png":["assets/images/drawerimage.png"],"assets/images/due_dateicon.png":["assets/images/due_dateicon.png"],"assets/images/earth.png":["assets/images/earth.png"],"assets/images/electricbolyimage.png":["assets/images/electricbolyimage.png"],"assets/images/exam_card1.png":["assets/images/exam_card1.png"],"assets/images/exam_card2.png":["assets/images/exam_card2.png"],"assets/images/exam_card3.png":["assets/images/exam_card3.png"],"assets/images/examicon.png":["assets/images/examicon.png"],"assets/images/eye.png":["assets/images/eye.png"],"assets/images/firstscreen.png":["assets/images/firstscreen.png"],"assets/images/image.png":["assets/images/image.png"],"assets/images/key.png":["assets/images/key.png"],"assets/images/link.png":["assets/images/link.png"],"assets/images/link1.png":["assets/images/link1.png"],"assets/images/live_card1.png":["assets/images/live_card1.png"],"assets/images/live_card2.png":["assets/images/live_card2.png"],"assets/images/live_card3.png":["assets/images/live_card3.png"],"assets/images/liveclass.png":["assets/images/liveclass.png"],"assets/images/liveclassescard.png":["assets/images/liveclassescard.png"],"assets/images/logindesign.png":["assets/images/logindesign.png"],"assets/images/logo.png":["assets/images/logo.png"],"assets/images/lower_corner.png":["assets/images/lower_corner.png"],"assets/images/mic.png":["assets/images/mic.png"],"assets/images/notificatiocard1.png":["assets/images/notificatiocard1.png"],"assets/images/notificatiocard2.png":["assets/images/notificatiocard2.png"],"assets/images/notificationbell.png":["assets/images/notificationbell.png"],"assets/images/notificationicon.png":["assets/images/notificationicon.png"],"assets/images/openbook.png":["assets/images/openbook.png"],"assets/images/paper-clip.png":["assets/images/paper-clip.png"],"assets/images/password.png":["assets/images/password.png"],"assets/images/passwordcircle.png":["assets/images/passwordcircle.png"],"assets/images/pastelink.png":["assets/images/pastelink.png"],"assets/images/pencil-alt.png":["assets/images/pencil-alt.png"],"assets/images/personicon.png":["assets/images/personicon.png"],"assets/images/phone.png":["assets/images/phone.png"],"assets/images/phoneicon.png":["assets/images/phoneicon.png"],"assets/images/profileimage.png":["assets/images/profileimage.png"],"assets/images/publish.png":["assets/images/publish.png"],"assets/images/sand.png":["assets/images/sand.png"],"assets/images/schoollogo.png":["assets/images/schoollogo.png"],"assets/images/send.png":["assets/images/send.png"],"assets/images/student_attcard1.png":["assets/images/student_attcard1.png"],"assets/images/student_attcard2.png":["assets/images/student_attcard2.png"],"assets/images/student_attcard3.png":["assets/images/student_attcard3.png"],"assets/images/student_attcard4.png":["assets/images/student_attcard4.png"],"assets/images/student_attcard5.png":["assets/images/student_attcard5.png"],"assets/images/subjectincharge1.png":["assets/images/subjectincharge1.png"],"assets/images/subjectincharge2.png":["assets/images/subjectincharge2.png"],"assets/images/timeicon.png":["assets/images/timeicon.png"],"assets/images/timetableicon.png":["assets/images/timetableicon.png"],"assets/images/topic_nameion.png":["assets/images/topic_nameion.png"],"assets/images/trash-2.png":["assets/images/trash-2.png"],"assets/images/trending-up.png":["assets/images/trending-up.png"],"assets/images/uparrow.png":["assets/images/uparrow.png"],"assets/images/upcomingclassicon.png":["assets/images/upcomingclassicon.png"],"assets/images/upcominlecture1.png":["assets/images/upcominlecture1.png"],"assets/images/upcominlecture2.png":["assets/images/upcominlecture2.png"],"assets/images/uploadimaeg.png":["assets/images/uploadimaeg.png"],"assets/images/upper_corner.png":["assets/images/upper_corner.png"],"assets/images/user-group.png":["assets/images/user-group.png"],"assets/images/user-group1.png":["assets/images/user-group1.png"],"assets/images/video.png":["assets/images/video.png"],"assets/images/video1.png":["assets/images/video1.png"],"packages/cupertino_icons/assets/CupertinoIcons.ttf":["packages/cupertino_icons/assets/CupertinoIcons.ttf"],"packages/flutter_math_fork/lib/katex_fonts/fonts/KaTeX_AMS-Regular.ttf":["packages/flutter_math_fork/lib/katex_fonts/fonts/KaTeX_AMS-Regular.ttf"],"packages/flutter_math_fork/lib/katex_fonts/fonts/KaTeX_Caligraphic-Bold.ttf":["packages/flutter_math_fork/lib/katex_fonts/fonts/KaTeX_Caligraphic-Bold.ttf"],"packages/flutter_math_fork/lib/katex_fonts/fonts/KaTeX_Caligraphic-Regular.ttf":["packages/flutter_math_fork/lib/katex_fonts/fonts/KaTeX_Caligraphic-Regular.ttf"],"packages/flutter_math_fork/lib/katex_fonts/fonts/KaTeX_Fraktur-Bold.ttf":["packages/flutter_math_fork/lib/katex_fonts/fonts/KaTeX_Fraktur-Bold.ttf"],"packages/flutter_math_fork/lib/katex_fonts/fonts/KaTeX_Fraktur-Regular.ttf":["packages/flutter_math_fork/lib/katex_fonts/fonts/KaTeX_Fraktur-Regular.ttf"],"packages/flutter_math_fork/lib/katex_fonts/fonts/KaTeX_Main-Bold.ttf":["packages/flutter_math_fork/lib/katex_fonts/fonts/KaTeX_Main-Bold.ttf"],"packages/flutter_math_fork/lib/katex_fonts/fonts/KaTeX_Main-BoldItalic.ttf":["packages/flutter_math_fork/lib/katex_fonts/fonts/KaTeX_Main-BoldItalic.ttf"],"packages/flutter_math_fork/lib/katex_fonts/fonts/KaTeX_Main-Italic.ttf":["packages/flutter_math_fork/lib/katex_fonts/fonts/KaTeX_Main-Italic.ttf"],"packages/flutter_math_fork/lib/katex_fonts/fonts/KaTeX_Main-Regular.ttf":["packages/flutter_math_fork/lib/katex_fonts/fonts/KaTeX_Main-Regular.ttf"],"packages/flutter_math_fork/lib/katex_fonts/fonts/KaTeX_Math-BoldItalic.ttf":["packages/flutter_math_fork/lib/katex_fonts/fonts/KaTeX_Math-BoldItalic.ttf"],"packages/flutter_math_fork/lib/katex_fonts/fonts/KaTeX_Math-Italic.ttf":["packages/flutter_math_fork/lib/katex_fonts/fonts/KaTeX_Math-Italic.ttf"],"packages/flutter_math_fork/lib/katex_fonts/fonts/KaTeX_SansSerif-Bold.ttf":["packages/flutter_math_fork/lib/katex_fonts/fonts/KaTeX_SansSerif-Bold.ttf"],"packages/flutter_math_fork/lib/katex_fonts/fonts/KaTeX_SansSerif-Italic.ttf":["packages/flutter_math_fork/lib/katex_fonts/fonts/KaTeX_SansSerif-Italic.ttf"],"packages/flutter_math_fork/lib/katex_fonts/fonts/KaTeX_SansSerif-Regular.ttf":["packages/flutter_math_fork/lib/katex_fonts/fonts/KaTeX_SansSerif-Regular.ttf"],"packages/flutter_math_fork/lib/katex_fonts/fonts/KaTeX_Script-Regular.ttf":["packages/flutter_math_fork/lib/katex_fonts/fonts/KaTeX_Script-Regular.ttf"],"packages/flutter_math_fork/lib/katex_fonts/fonts/KaTeX_Size1-Regular.ttf":["packages/flutter_math_fork/lib/katex_fonts/fonts/KaTeX_Size1-Regular.ttf"],"packages/flutter_math_fork/lib/katex_fonts/fonts/KaTeX_Size2-Regular.ttf":["packages/flutter_math_fork/lib/katex_fonts/fonts/KaTeX_Size2-Regular.ttf"],"packages/flutter_math_fork/lib/katex_fonts/fonts/KaTeX_Size3-Regular.ttf":["packages/flutter_math_fork/lib/katex_fonts/fonts/KaTeX_Size3-Regular.ttf"],"packages/flutter_math_fork/lib/katex_fonts/fonts/KaTeX_Size4-Regular.ttf":["packages/flutter_math_fork/lib/katex_fonts/fonts/KaTeX_Size4-Regular.ttf"],"packages/flutter_math_fork/lib/katex_fonts/fonts/KaTeX_Typewriter-Regular.ttf":["packages/flutter_math_fork/lib/katex_fonts/fonts/KaTeX_Typewriter-Regular.ttf"],"packages/fluttertoast/assets/toastify.css":["packages/fluttertoast/assets/toastify.css"],"packages/fluttertoast/assets/toastify.js":["packages/fluttertoast/assets/toastify.js"],"packages/wakelock_web/assets/no_sleep.js":["packages/wakelock_web/assets/no_sleep.js"]}